aan de grond;abnormal
aandoening;abolish
aangeklaagd;abominable
aangetast;abominably
aanklacht;abominate
aanklagen;abomination
aanklagend;abrade
aanknoelen;abrasive
aanmatigend;abrupt
aanprijzen;abruptly
aansporen;abscond
aansporend;absence
aansprakelijk;absentee
aansprakelijkheid;absent-minded
aanspreken;absurd
aanstellerig;absurdity
aanstichter;absurdly
aanstichters;absurdness
aantasten;abuse
aantastend;abused
aanval;abuses
aanvallen;abusive
aanvaller;abysmal
aanzetten;abysmally
aarzelend;abyss
abnormaal;accidental
abominabel;accost
abrupt;accursed
absurd;accusation
absurditeit;accusations
accusatie;accuse
achtbaan;accuses
achteloos;accusing
achterblijven;accusingly
achterblijvend;acerbate
achterblijver;acerbic
achtergebleven;acerbically
achterhaald;ache
achterland;ached
achterlijk;aches
achterlijkheid;achey
achterlopend;aching
achterstallig;acrid
achterstand;acridly
achterstevoren;acridness
achteruitgaand;acrimonious
achteruitgang;acrimoniously
achterwaarts;acrimony
afbraak;adamant
afbreken;adamantly
afbrokkelen;addict
afbrokkelend;addicted
afdingen;addicting
afdoen;addicts
afgebroken;admonish
afgedaan;admonisher
afgeleid;admonishingly
afgeraffeld;admonishment
afgesloten;admonition
afgestoten;adulterate
afgevoerd;adulterated
afgewezen;adulteration
afgezaagd;adulterier
afgezwakt;adversarial
afgrond;adversary
afgrondelijk;adverse
afgunstig;adversity
afgunstigheid;afflict
afkeer;affliction
afkerig;afflictive
afkeuren;affront
afkeurend;afraid
afkeuring;aggravate
afleiden;aggravating
afleidend;aggravation
afleiding;aggression
afname;aggressive
afnemen;aggressiveness
afnemend;aggressor
afpersen;aggrieve
afpersing;aggrieved
afraden;aggrivation
afranselen;aghast
afranseling;agonies
afschaffen;agonize
afschrikken;agonizing
afschrikking;agonizingly
afschrikmiddel;agony
afschrikwekkend;aground
afschuw;ail
afschuwelijk;ailing
afschuwelijkheid;ailment
afsluiten;aimless
afsluitend;alarm
afstandelijk;alarmed
afstorten;alarming
afstotelijk;alarmingly
afstotelijkheid;alienate
afstoten;alienated
afstraffen;alienation
aftrekken;allegation
aftrekking;allegations
afval;allege
afvaller;allergic
afvallers;allergies
afvoeren;allergy
afvoerend;aloof
afvoert;altercation
afwezig;ambiguity
afwezige;ambiguous
afwezigheid;ambivalence
afwijken;ambivalent
afwijking;ambush
afwijzen;amiss
afwijzend;amputate
afwijzing;anarchism
afzweren;anarchist
afzwering;anarchistic
agressie;anarchy
agressief;anemic
agressiviteit;anger
agressor;angrily
alarm;angriness
alarmerend;angry
alledaags;anguish
alleen;animosity
allergisch;annihilate
ambivalent;annihilation
ambivalentie;annoy
amputeren;annoyance
anarchie;annoyances
anemisch;annoyed
angst;annoying
angstaanjagend;annoyingly
angsten;annoys
angstgevoelens;anomalous
angstig;anomaly
anomaal;antagonism
anomalie;antagonist
antagoniseren;antagonistic
antagonisme;antagonize
antagonist;anti-
antagonistisch;anti-american
antipathie;anti-israeli
antisociaal;anti-occupation
apathie;antipathy
apathisch;anti-proliferation
apocalyps;antiquated
apocalyptisch;anti-semites
apologeet;anti-social
apologeten;antithetical
argumentatief;anti-us
arm;anti-white
arme;anxieties
armer;anxiety
armoede;anxious
armoedig;anxiously
armst;anxiousness
armzalig;apathetic
arrogant;apathetically
arrogantie;apathy
ass;apocalypse
autocraat;apocalyptic
autocratisch;apologist
autoritair;apologists
baanvernietigend;appal
babbelen;appall
banaal;appalled
banaliseren;appalling
bang;appallingly
bankroet;apprehension
barbaar;apprehensions
barbaars;apprehensive
barbaarsheid;apprehensively
barbarij;arbitrary
barst;arcane
barsten;archaic
bedacht;arduous
bedekkerig;arduously
bedelaar;argumentative
bedelen;arrogance
bedelend;arrogant
bedenken;arrogantly
bederf;ashamed
bederfd;asinine
bedreigen;asininely
bedriegen;asinininity
bedriegend;askance
bedrieger;asperse
bedriegers;aspersion
bedrieglijk;aspersions
bedriegt;assail
bedroefd;assassin
bedrog;assassinate
bedrogen;assault
bedwelmen;assult
beeld;astray
beerachtig;asunder
beestachtig;atrocious
behendig;atrocities
behoeden;atrocity
behoeftig;atrophy
behoeftigheid;attack
bekennen;attacks
bekentenis;audacious
bekentenissen;audaciously
beklaagt;audaciousness
bekladden;audacity
beklag;audiciously
beklagelijk;austere
beklagenswaardig;authoritarian
beklemd;autocrat
bekoren;autocratic
bekritiseerd;avalanche
bekritiseren;avarice
bekritiserend;avaricious
belachelijk;avariciously
belastend;avenge
belasteren;averse
beledigd;aversion
beledigen;aweful
beledigend;awful
beledigendheid;awfully
belediging;awfulness
beledigingen;awkward
beledigt;awkwardness
beleger;babble
belegeren;backache
belegering;backaches
belemmerd;backaching
belemmeren;backbite
belemmerend;backbiting
belemmering;back-logged
bemoeial;backward
bemoeien;backwardness
bemoeienis;backwood
bemoeizuchtig;back-wood
benadeeld;backwoods
benard;back-woods
benauwd;bad
beperken;badly
beperkend;baffle
beperking;baffled
beperkingen;bafflement
beperkt;baffling
beproeving;bait
berispen;balk
berispend;banal
berisping;banalize
berispt;bane
berisptend;banish
beroofd;banishment
berouw;bankrupt
berouwloos;barbarian
berouwloosheid;barbaric
berouwvol;barbarically
beroven;barbarity
berucht;barbarous
beschaamd;barbarously
beschadigd;barren
beschamend;baseless
beschamendheid;bash
beschuldigen;bashed
beschuldigend;bashful
beschuldiging;bashing
beschuldigingen;bastard
beschuldigt;bastards
besmet;battered
besmettelijk;battering
besmetten;batty
besmetting;bearish
besmeuren;beastly
bespot;bedlam
bespotte;bedlamite
bespottelijk;befoul
bespotten;beg
bespotting;beggar
bespottingen;beggarly
bestormen;begging
bestraffen;beguile
bestraffend;belabor
bestrijden;belated
betekenisloos;beleaguer
betoveren;belie
betovering;belittle
betrekken;belittled
betreuren;belittling
betreurenswaardig;bellicose
betuttelen;belligerence
betwistbaar;belligerent
betwisten;belligerently
betwisting;bemoan
beukend;bemoaning
bevlekken;bemused
bevlekt;bent
bevooroordeeld;berate
bevriezen;bereave
bevriezend;bereavement
bevroren;bereft
bevuild;berserk
bevuilen;beseech
bevuiler;beset
bewaken;besiege
bewegingloos;besmirch
beweren;bestial
bewolking;betray
bewolkt;betrayal
bezoedelen;betrayals
bezoedelend;betrayer
bezorgd;betraying
bezorgdheden;betrays
bezorgdheid;bewail
bezwaar;beware
bezwaarlijk;bewilder
bezwaren;bewildered
bezwarend;bewildering
bezweren;bewilderingly
bezwijken;bewilderment
biedingsfraude;bewitch
bijgeloof;biased
bijgelovig;biases
bijl;bicker
bijtend;bickering
binnendringen;bid-rigging
bitch;bigotries
bitter;bigotry
bitterheid;bitch
bizar;bitchy
blaar;biting
blauw;bitingly
blauwe;bitter
blauwe plek;bitterly
blauwe plekken;bitterness
bleek;bizarre
bleekt;blab
blik;blabber
bliksem;blackmail
bliksems;blah
blind;blame
bloedarmoedig;blameworthy
bloedbad;bland
bloedbaden;blandish
bloeddorst;blaspheme
bloeddorstig;blasphemous
bloeden;blasphemy
bloedend;blasted
bloederig;blatant
bloedig;blatantly
bloedt;blather
bloedvergieten;bleak
bloedzuiger;bleakly
blokkade;bleakness
blunder;bleed
blunderend;bleeding
blunders;bleeds
blurt;blemish
blut;blind
boef;blinding
bom;blindingly
bombardement;blindside
bombarderen;blister
bont;blistering
boos;bloated
boosaardig;blockage
boosaardigheid;blockhead
boosdoener;bloodshed
boosheid;bloodthirsty
booswicht;bloody
booswichten;blotchy
borstels;blow
bot;blunder
botsen;blundering
botsing;blunders
botst;blunt
braakte;blur
brabbelen;bluring
braken;blurred
branden;blurring
brandend;blurry
brandnetel;blurs
brandnetelachtig;blurt
brandstichtend;boastful
brandwonden;boggle
bravour;bogus
bravoure;boil
breekt;boiling
breken;boisterous
brekend;bomb
breugel;bombard
breuk;bombardment
breuken;bombastic
broddelaar;bondage
broddelend;bonkers
broeden;bore
broeikas;bored
broeinesten;boredom
broos;bores
brutaal;boring
brutaalheid;botch
brutaliseren;bother
brutaliserend;bothered
brutaliteit;bothering
bruusk;bothers
bruut;bothersome
buitensporig;bowdlerize
buitensporige;boycott
buitensporigheid;braggart
buitenstaander;bragger
bust;brainless
busts;brainwash
byzantijns;brash
capituleren;brashly
cartoonesk;brashness
castreren;brat
cataclysme;bravado
catastrofaal;brazen
catastrofe;brazenly
catastrofes;brazenness
censureren;breach
chagrijnig;break
chagrijniger;breakdown
chagrijnigste;breaking
chantage;breaks
chaos;breakup
chaotisch;break-up
cheesy;breakups
cholerisch;break-ups
chronisch;bribery
cliché;brimstone
commotie;bristle
complex;brittle
complicatie;broke
complot;broken
concessie;broken-hearted
concessies;brood
concurrerend;browbeat
conflict;bruise
conflicten;bruised
conflicterend;bruises
confrontatie;bruising
confronteren;brusque
confronterend;brutal
cons;brutalising
conscons;brutalities
conservatief;brutality
consternatie;brutalize
contraproductief;brutalizing
controverse;brutally
controversieel;brute
corroderen;brutish
corrosie;bs
corrosief;buckle
corrosies;bug
corrumpeert;bugging
corrumperend;buggy
corrupt;bugs
corrupteert;bulkier
corrupterend;bulkiness
corruptie;bulky
coupisten;bulkyness
crash;bullies
crashend;bullshit
crimineel;bullshyt
crisis;bully
critici;bullying
criticus;bullyingly
cynisch;bum
cynisme;bump
dader;bumped
dagvaarding;bumping
dagvaardingen;bumpping
dampen;bumps
debacle;bumpy
decadent;bungle
decadentie;bungler
defect;bungling
defecten;bunk
defensief;burden
degeneratie;burdensome
degenereren;burdensomely
degradatie;burn
degraderen;burned
dehumaniseren;burning
dehumanisering;burns
delinquent;bust
delinquentie;busts
delirisch;busybody
delirium;butcher
demon;butchery
demonisch;buzzing
demoniseert;byzantine
demoniseren;cackle
demoniserend;calamities
demoon;calamitous
demoraliseren;calamitously
demoraliserend;calamity
demper;callous
denigativiteit;calumniate
denigreren;calumniation
depressie;calumnies
depressief;calumnious
depressies;calumniously
deprimeren;calumny
deprimerend;cancer
desertie;cancerous
desintegratie;cannibal
desintegreert;cannibalize
desintegreren;capitulate
desoriënteren;capricious
desperaat;capriciously
despoot;capriciousness
despotisch;capsize
despotisme;careless
destabilisatie;carelessness
destructief;caricature
deuk;carnage
deuken;carp
diabolisch;cartoonish
diameter;cash-strapped
dicht;castigate
dictator;castrated
dictatoriaal;casualty
diehard;cataclysm
dik;cataclysmal
dikke;cataclysmic
dikker;cataclysmically
dilemma;catastrophe
dimmer;catastrophes
discontinu;catastrophic
discontinuïteit;catastrophically
discrepant;catastrophies
discriminatie;caustic
discriminatoir;caustically
discrimineren;cautionary
dissident;cave
dissidenten;censure
dissonant;chafe
dissonantie;chaff
divergent;chagrin
diversen;challenging
dodelijk;chaos
doden;chaotic
dodend;chasten
doelloos;chastise
dogmatisch;chastisement
dolk;chatter
dom;chatterbox
domheid;cheap
dominant;cheapen
domkop;cheaply
domste;cheat
donker;cheated
donkerder;cheater
dood;cheating
dood gewicht;cheats
doodlopend;checkered
doodt;cheerless
doorgezakt;cheesy
doorn;chide
doornig;childish
doorzakken;chill
doorzakkend;chilly
dope;chintzy
dorst;choke
draaien;choleric
draak;choppy
draconisch;chore
drastisch;chronic
dreigend;chunky
dreigende;clamor
dreiging;clamorous
dreigingen;clash
droefheid;cliche
dronken;cliched
droog;clique
droogte;clog
druipend;clogged
druk;clogs
drukte;cloud
druppels;clouding
dubbelzinnig;cloudy
dubbelzinnigheid;clueless
dubieus;clumsy
duidelijk;clunky
duister;coarse
duisterheid;cocky
duisternis;coerce
duivel;coercion
duivels;coercive
duivelsachtig;cold
duivelsheid;coldly
duivelskunst;collapse
duizelig;collude
duizelingwekkend;collusion
dun;combative
duur;combust
duurder;comical
dwaas;commiserate
dwaasheid;commonplace
dwalen;commotion
dwalend;commotions
dwang;complacent
dwangmatig;complain
dwarsbomen;complained
dwerg;complaining
dwingen;complains
dwingend;complaint
eenling;complaints
eentonig;complex
eentonigheid;complicated
eenzaam;complication
eenzaamheid;complicit
eenzijdig;compulsion
egocentrisch;compulsive
egoïsme;concede
egoïstisch;conceded
egomanie;conceit
eigenbelang;conceited
eigendomsrechtelijk;concen
eigenwijs;concens
eigenzinnig;concern
eikel;concerned
eikels;concerns
einde;concession
eliminatie;concessions
elkaar;condemn
ellende;condemnable
ellendig;condemnation
ellendigheid;condemned
eng;condemns
enge;condescend
engeste;condescending
ent;condescendingly
enten;condescension
epidemie;confess
erger;confession
ergeren;confessions
ergerend;confined
ergerlijk;conflict
ergernis;conflicted
ergernissen;conflicting
ergste;conflicts
ernst;confound
ernstig;confounded
erodeert;confounding
eroderen;confront
erosie;confrontation
excentriciteit;confrontational
excentriek;confuse
excuseer;confused
excuses;confuses
exploderen;confusing
explosief;confusion
extravagant;confusions
extravagantie;congested
extreem;congestion
extremisme;cons
extremist;conscons
extremisten;conservative
fabricatie;conspicuous
fabriceren;conspicuously
failliet;conspiracies
falen;conspiracy
fanaticus;conspirator
fanatiek;conspiratorial
fanatiekelingen;conspire
fanatisme;consternation
farce;contagious
farceachtig;contaminate
farceachtig-maar-provocatief;contaminated
fascisme;contaminates
fascist;contaminating
fataal;contamination
fatalistisch;contempt
feeks;contemptible
feilloos;contemptuous
fiasco;contemptuously
fictie;contend
fictief;contention
flagrant;contentious
flair;contort
flare;contortions
flares;contradict
flauw;contradiction
flauwvallen;contradictory
flikkerend;contrariness
flikkert;contravene
flirterig;contrive
fobie;contrived
fobisch;controversial
fout;controversy
fouten;convoluted
foutief;corrode
fragiel;corrosion
fraude;corrosions
frauderen;corrosive
frauderend;corrupt
frauduleus;corrupted
freak;corrupting
freakachtig;corruption
freaks;corrupts
frons;corruptted
fronsen;costlier
frustratie;costly
frustraties;counterproductive
frustreert;counter-productive
frustreren;coupists
frustrerend;covetous
fuck;coward
fucking;cowardly
fudge;crabby
fugitief;crack
fulmineren;cracked
fundamentalisme;cracks
funky;craftily
furie;craftly
furor;crafty
fustigeren;cramp
futiliteit;cramped
futloos;cramping
gal;cranky
gals;crap
gangster;crappy
gapen;craps
gealarmeerd;crash
gebabbel;crashed
gebakken;crashes
gebarsten;crashing
gebeukt;crass
gebieden;craven
gebliksemd;cravenly
geblokkeerd;craze
gebogen;crazily
gebotst;craziness
gebrabbel;crazy
gebraden;creak
gebrek;creaking
gebreken;creaks
gebrekkig;credulous
gebroken;creep
gecastreerd;creeping
geclicheerd;creeps
gecompliceerd;creepy
gecorrumpeerd;crept
gedegenereerd;crime
gedemoniseerd;criminal
gedeprimeerd;cringe
gedesintegreerd;cringed
gedesoriënteerd;cringes
gedeukt;cripple
gedoe;crippled
gedoemd;cripples
gedood;crippling
gedraaid;crisis
gedruppeld;critic
gedumpt;critical
geelzuchtig;criticism
geen;criticisms
geen zak aan;criticize
geërgerd;criticized
gefragmenteerd;criticizing
gefrustreerd;critics
gegil;cronyism
gehaat;crook
gehandicapt;crooked
gehard;crooks
geharkt;crowded
gehavend;crowdedness
geheimzinnig;crude
gehobbeld;cruel
geïmmobiliseerd;crueler
geïrriteerd;cruelest
geïsoleerd;cruelly
gejaagd;cruelness
gek;cruelties
gekakel;cruelty
gekarteld;crumble
gekheid;crumbling
gekibbel;crummy
gekkie;crumple
geklaag;crumpled
geklaagd;crumples
geklets;crush
gekneusd;crushed
geknoopt;crushing
gekrabt;cry
gekrompen;culpable
gekunsteld;culprit
gekweld;cumbersome
gekwetsd;cunt
gekwetst;cunts
geldgebrek;cuplrit
gelogen;curse
geloven;cursed
geluid;curses
gemeden;curt
gemeen;cuss
gemeenheid;cussed
gemist;cutthroat
genadeloos;cynical
gênant;cynicism
genocide;d*mn
geofferd;damage
geordend;damaged
gepest;damages
geplaagd;damaging
geplaagt;damn
geplette;damnable
geprotesteerd;damnably
gerateld;damnation
gerimpeld;damned
gerrommel;damning
gerucht;damper
geruchten;danger
geruit;dangerous
geschaad;dangerousness
geschandaald;dark
gescheurd;darken
geschil;darkened
geschild;darker
geschokt;darkness
geschreeuw;dastard
geschrokken;dastardly
gesel;daunt
gesist;daunting
geslacht;dauntingly
geslagen;dawdle
gesleept;daze
geslopen;dazed
gespannen;dead
gestaking;deadbeat
gestolen;deadlock
gestoord;deadly
gestopt;deadweight
gestorven;deaf
gestoten;dearth
gestrand;death
gestreept;debacle
gestresst;debase
gestruikeld;debasement
getankt;debaser
geteisterd;debatable
getekend;debauch
getraumatiseerd;debaucher
getroffen;debauchery
getto;debilitate
geur;debilitating
geurtjes;debility
gevaar;debt
gevaarlijk;debts
gevaarlijkheid;decadence
gevallen;decadent
gevangen;decay
gevangene;decayed
gevangenis;deceit
gevangenisstraf;deceitful
geviezer;deceitfully
gevoelig;deceitfulness
gewaarschuwd;deceive
geweigerd;deceiver
gewelddadig;deceivers
gewetenloos;deceiving
gewoel;deception
gewond;deceptive
gezogen;deceptively
ghetto;declaim
gierig;decline
gierigaard;declines
gif;declining
giftig;decrement
gijzelaar;decrepit
gillen;decrepitude
glad;decry
glibbering;defamation
glinsteren;defamations
glunderend;defamatory
gluurder;defame
gluurderig;defect
goddeloos;defective
godslastering;defects
godslasterlijk;defensive
godvergeten;defiance
goedgelovig;defiant
goedkoop;defiantly
gonzend;deficiencies
goot;deficiency
graceloos;deficient
grap;defile
grappenmaker;defiler
grappig;deform
grief;deformed
grieven;defrauding
grievend;defunct
griezelig;defy
grijpen;degenerate
grillig;degenerately
grilligheid;degeneration
grimlach;degradation
grimmig;degrade
grimsgezicht;degrading
grof;degradingly
groffe;dehumanization
grofheid;dehumanize
grom;deign
grot;deject
groter;dejected
grotesk;dejectedly
gruwel;dejection
gruweldaad;delay
gruweldaden;delaying
gruwelijk;delays
haag;delinquency
haai;delinquent
haaruitval;delirious
haast;delirium
haastig;delude
haat;deluded
haatdragend;deluge
haatte;delusion
haatvol;delusional
haatvolheid;delusions
hacken;demean
hacks;demeaning
hakkelig;demise
half-achterlijk;demolish
halfslachtig;demolisher
hallucinatie;demon
hallucineren;demonic
handlanger;demonize
handlangers;demonized
hangen;demonizes
hangt;demonizing
har;demoralize
hard;demoralizing
hardball;demoralizingly
harde;denial
hardhandig;denied
hardliner;denies
hardliners;denigrate
hardnekkig;denounce
hardvochtig;dense
harpij;dent
hartbreker;dented
hartbroken;dents
harteloos;denunciate
hartgebroken;denunciation
hartverscheurend;denunciations
haten;deny
hatend;denying
hater;deplete
haters;deplorable
haveloos;deplorably
hebzucht;deplore
hebzuchtig;deploring
hectisch;deploringly
hedonistisch;deprave
heerser;depraved
heerszuchtig;depravedly
hegemonie;deprecate
heidens;depress
hel;depressed
helldier;depressing
hels;depressingly
herhalend;depression
herrijzend;depressions
herroepen;deprive
hersenloos;deprived
hersenspoelen;deride
hersenspoeling;derision
hevig;derisive
hijgen;derisively
hijgend;derisiveness
hilarisch;derogatory
hinderlaag;desecrate
hinderlijk;desert
hobbel;desertion
hobbelend;desiccate
hobbelig;desiccated
hoer;desititute
hoeren;desolate
hohum;desolately
hol;desolation
hongersnood;despair
hoofdpijn;despairing
hooghartig;despairingly
hoogmoedig;desperate
hooligan;desperately
hopeloos;desperation
hopeloosheid;despicable
horde;despicably
huil;despise
huilen;despised
huilend;despoil
hulpeloos;despoiler
hulpeloosheid;despondence
humeurig;despondency
hype;despondent
hypocriet;despondently
hypocrieten;despot
hypocrisie;despotic
hysterie;despotism
hysterisch;destabilisation
idee;destains
idioot;destitute
idiootisch;destitution
idioten;destroy
ijdel;destroyer
ijdelheid;destruction
ijlen;destructive
ijlend;desultory
ijzig;deter
illegaal;deteriorate
illogica;deteriorating
illogisch;deterioration
illusie;deterrent
illusies;detest
illusoir;detestable
imaginair;detestably
imbeciel;detested
immaterieel;detesting
immoraliteit;detests
immoreel;detract
imperialistisch;detracted
implicatie;detracting
imploderen;detraction
impulsief;detracts
in conflict;detriment
inactief;detrimental
inbreken;devastate
inbreuk;devastated
inbreuken;devastates
incoherent;devastating
incoherentie;devastatingly
incompatibel;devastation
incompatibiliteit;deviate
incongruent;deviation
inconsistentie;devil
inconsistenties;devilish
indoctrinatie;devilishly
indoctrineren;devilment
indringer;devilry
indringing;devious
ineenkrimpen;deviously
ineenkrimpte;deviousness
ineenstorting;devoid
ineffectief;diabolic
ineffectiviteit;diabolical
inefficiënt;diabolically
inefficiëntie;diametrically
infectie;diappointed
infecties;diatribe
inferieur;diatribes
inferioriteit;dick
infiltranten;dictator
infiltrator;dictatorial
inflatoir;die
ingewikkeld;died
inlichtingen;die-hard
inperken;dies
inprenten;difficult
insect;difficulties
insecten;difficulty
insinuatie;diffidence
insinueren;dilapidated
insolvent;dilemma
inspannend;dilly-dally
instabiel;dim
instabiliteit;dimmer
instorten;din
instorting;ding
intensief;dings
intimidatie;dinky
intimideren;dire
intimiderend;direly
intolerantie;direness
intrekken;dirt
invasief;dirtbag
inzakken;dirtbags
inzinking;dirts
ironie;dirty
ironisch;disable
ironische;disabled
irrationaliteit;disaccord
irrationaliteiten;disadvantage
irrationeel;disadvantaged
irrelevant;disadvantageous
irrelevantie;disadvantages
irretrierend;disaffect
irritant;disaffected
irritatie;disaffirm
irritaties;disagree
irriteert;disagreeable
irriteren;disagreeably
irriterend;disagreed
isolatie;disagreeing
isoleren;disagreement
jaloers;disagrees
jaloersheid;disallow
jaloezie;disapointed
jammer;disapointing
jammeren;disapointment
jammerend;disappoint
janken;disappointed
jankend;disappointing
jeuk;disappointingly
jeukend;disappointment
kaal;disappointments
kabaal;disappoints
kakelen;disapprobation
kanker;disapproval
kankerachtig;disapprove
kannibaal;disapproving
kannibaliseren;disarm
kapituleren;disarray
kapot;disaster
kapseizen;disasterous
karikaturaal;disastrous
karikatuur;disastrously
karper;disavow
karwei;disavowal
kattig;disbelief
kazig;disbelieve
kerker;disbeliever
kerkers;disclaim
ketter;discombobulate
ketterij;discomfit
ketters;discomfititure
kibbelen;discomfort
kieskeurig;discompose
kil;disconcert
kilte;disconcerted
kinderachtig;disconcerting
klaagt;disconcertingly
klaagzang;disconsolate
klacht;disconsolately
klachten;disconsolation
klagen;discontent
klagend;discontented
klap;discontentedly
klein;discontinued
klein gemaakt;discontinuity
klein maken;discontinuous
klein makend;discord
kleineren;discordance
kleinerend;discordant
kletsen;discountenance
kletskous;discourage
kliek;discouragement
klonterig;discouraging
klootzak;discouragingly
klootzakken;discourteous
kloppen;discourteously
kloppend;discoutinous
klopt;discredit
klopte;discrepant
klungel;discriminate
klungelaar;discrimination
klungelen;discriminatory
klungelig;disdain
klusje;disdained
knagen;disdainful
knagend;disdainfully
knal;disfavor
knarsen;disgrace
knettergek;disgraced
kneuzing;disgraceful
kneuzingen;disgracefully
knijpen;disgruntle
knoeien;disgruntled
knoeiwerk;disgust
knorren;disgusted
knorrig;disgustedly
koel;disgustful
koken;disgustfully
kokend;disgusting
komisch;disgustingly
koorts;dishearten
koortsachtig;disheartening
koortsen;dishearteningly
koppig;dishonest
korrelig;dishonestly
kort;dishonesty
kortaf;dishonor
kortheid;dishonorable
kortstondig;dishonorablely
kortzichtig;disillusion
kortzichtigheid;disillusioned
kostbaar;disillusionment
koud;disillusions
kraakt;disinclination
krab;disinclined
krabben;disingenuous
krachtig;disingenuously
kraken;disintegrate
krakend;disintegrated
krakende;disintegrates
kramp;disintegration
krampachtig;disinterest
krampend;disinterested
krankzinnig;dislike
krap;disliked
krasachtig;dislikes
krassen;disliking
kreng;dislocated
krengachtig;disloyal
kreukelt;disloyalty
kreupel;dismal
kreupels;dismally
kreupelt;dismalness
krijsen;dismay
krimpt;dismayed
kritiek;dismaying
kritieken;dismayingly
kritisch;dismissive
kronkelen;dismissively
kruimel;disobedience
kruipen;disobedient
kruipend;disobey
kruiperig;disoobedient
kruipt;disorder
kut;disordered
kutten;disorderly
kwaad;disorganized
kwaadaardig;disorient
kwaadaardigheid;disoriented
kwaadwillig;disown
kwaal;disparage
kwakzalver;disparaging
kwalijk;disparagingly
kwellen;dispensable
kwellend;dispirit
kwelling;dispirited
kwetsbaar;dispiritedly
kwetsend;dispiriting
kwijnen;displace
laag;displaced
laakbaar;displease
laat;displeased
lachertje;displeasing
lachwekkend;displeasure
laconisch;disproportionate
laf;disprove
lafaard;disputable
lafhartig;dispute
lakei;disputed
lakeien;disquiet
lam;disquieting
lambast;disquietingly
lame-eend;disquietude
lamlendig;disregard
lang;disregardful
langdradig;disreputable
langdurig;disrepute
langzaam;disrespect
langzaamst;disrespectable
langzamer;disrespectablity
last;disrespectful
laster;disrespectfully
lasteraar;disrespectfulness
lasteren;disrespecting
lasteringen;disrupt
lasterlijk;disruption
lasterlijke;disruptive
lasterlijkheid;diss
lastig;dissapointed
lastigvallen;dissappointed
lastigvallend;dissappointing
latentie;dissatisfaction
lauw;dissatisfactory
lawaai;dissatisfied
lawaaierig;dissatisfies
lawaaieriger;dissatisfy
lawine;dissatisfying
leedde;dissed
leeg;dissemble
leegte;dissembler
leidt;dissension
lek;dissent
lekkage;dissenter
lekken;dissention
lekkend;disservice
lekker;disses
lelijker;dissidence
lelijkheid;dissident
lelijkst;dissidents
letsel;dissing
leugen;dissocial
leugenaar;dissolute
leugenaars;dissolution
leugenachtig;dissonance
leugens;dissonant
levenloos;dissonantly
levensbedreigend;dissuade
liefdeloos;dissuasive
liggend;distains
lijden;distaste
lijdend;distasteful
lijder;distastefully
lijders;distort
lijdt;distorted
limiet;distortion
limieten;distorts
list;distract
listen;distracting
listig;distraction
listigheid;distraught
litteken;distraughtly
littekens;distraughtness
lokken;distress
lomp;distressed
losbandig;distressing
losbandige;distressingly
losbandigheid;distrust
losgeslagen;distrustful
loslaten;distrusting
louche;disturb
lui;disturbance
luiaard;disturbed
luiaardachtig;disturbing
luid;disturbingly
luider;disunity
luidruchtig;disvalue
lul;divergent
lusteloos;divisive
lusteloosheid;divisively
macaber;divisiveness
machteloos;dizzing
mafkees;dizzingly
mager;dizzy
malaise;doddering
malen;dodgey
maniak;dogged
maniakaal;doggedly
manie;dogmatic
manipulatie;doldrums
manipulatief;domineer
manipulators;domineering
manipuleren;donside
manisch;doom
marions;doomed
martelaarschap;doomsday
marteling;dope
matte;doubt
medeleven;doubtful
medelijden;doubtfully
medeplichtig;doubts
meedogenloos;douchbag
meedogenloosheid;douchebag
meeleven;douchebags
melancholie;downbeat
melodramatisch;downcast
meningsverschil;downer
mes;downfall
middelmatig;downfallen
middelmatigheid;downgrade
mijden;downhearted
minachten;downheartedly
minachtend;downhill
minachting;downside
minnares;downsides
mis;downturn
misbruik;downturns
misbruiken;drab
misbruikend;draconian
misbruikt;draconic
misdaad;drag
misdadig;dragged
misdadiger;dragging
mishandeling;dragoon
misleid;drags
misleiden;drain
misleidend;drained
misleidendheid;draining
misleiding;drains
mislukken;drastic
mislukking;drastically
mislukkingen;drawback
mislukt;drawbacks
mismoedig;dread
mismoedigheid;dreadful
misrekening;dreadfully
misselijk;dreadfulness
misselijkmakend;dreary
missen;dripped
mist;dripping
misvatting;drippy
misvattingen;drips
misverstaan;drones
misverstand;droop
misverstanden;droops
modder;dropout
moe;drop-out
moeien;dropouts
moeilijk;drop-outs
moeilijkheden;drought
moeilijkheid;drowning
moeizaam;drunk
moeras;drunkard
mokken;drunken
monster;dubious
monsterlijk;dubiously
monsterlijkheden;dubitable
monsterlijkheid;dud
moord;dull
moorddadig;dullard
moordenaar;dumb
mopperaar;dumbfound
mopperen;dump
mopperig;dumped
mopperiger;dumping
mopperigst;dumps
mopperkont;dunce
morsen;dungeon
muf;dungeons
muffe;dupe
muilen;dust
mysterie;dusty
mysterieus;dwindling
mystief;dying
mythe;earsplitting
naar;eccentric
naargeestig;eccentricity
nachtmerrie;effigy
nachtmerrieachtig;effrontery
nadeel;egocentric
nadelen;egomania
nadelig;egotism
nadenkend;egotistical
nadrukkelijk;egotistically
naïef;egregious
nalatig;egregiously
nalatigheid;election-rigger
neemt af;elimination
neerbuigen;emaciated
neerbuigend;emasculate
neerbuigendheid;embarrass
neergang;embarrassing
neergangen;embarrassingly
neergestort;embarrassment
neerslachtig;embattled
neerslag;embroil
negatief;embroiled
negatieven;embroilment
negativiteit;emergency
negeren;emphatic
nep;emphatically
nepotisme;emptiness
nerveus;encroach
neuken;encroachment
neurotisch;endanger
nevel;enemies
nevelig;enemy
niet-bestaand;enervate
niet-conform;enfeeble
niet-reagerend;enflame
nietsdoen;engulf
nietsvermoedend;enjoin
nieuwsgierig;enmity
noodlottig;enrage
noodsituatie;enraged
nuchter;enraging
nutteloos;enslave
nutteloosheid;entangle
object;entanglement
obsceen;entrap
obsceniteit;entrapment
obsessief;envious
obsessiefheid;enviously
obstakel;enviousness
omhuld;epidemic
omhullen;equivocal
omkeren;erase
omkoperij;erode
omkoping;erodes
omstreden;erosion
omvang;err
omvangrijk;errant
omvangrijkheid;erratic
omverwerpen;erratically
onaangenaam;erroneous
onaangenaamd;erroneously
onaangenaamheden;error
onaangepast;errors
onaangepastheid;eruptions
onaangeraakt;escapade
onaantrekkelijk;eschew
onaanvaardbaar;estranged
onachtzaam;evade
onachtzaamheid;evasion
onafgemaakt;evasive
onattent;evil
onauthentiek;evildoer
onbedacht;evils
onbedachtzaam;eviscerate
onbedoeld;exacerbate
onbeduidend;exagerate
onbeduidendheid;exagerated
onbegrijpelijk;exagerates
onbegrip;exaggerate
onbehaaglijk;exaggeration
onbeholpen;exasperate
onbehoorlijk;exasperated
onbehulpzaam;exasperating
onbekend;exasperatingly
onbekwaam;exasperation
onbekwaamheid;excessive
onbelangrijk;excessively
onbeleefd;exclusion
onbeleefdheid;excoriate
onbeminnelijk;excruciating
onbepaalbaar;excruciatingly
onbepaald;excuse
onbereikbaar;excuses
onbeschaafd;execrate
onbeschaamd;exhaust
onbeschaamdheid;exhausted
onbescheiden;exhaustion
onbeslissend;exhausts
onbeslissendheid;exhorbitant
onbeslist;exhort
onbesluitig;exile
onbestuurbaar;exorbitant
onbetaalbaar;exorbitantance
onbetreurenswaardig;exorbitantly
onbetrouwbaar;expel
onbetrouwbaarheid;expensive
onbevestigd;expire
onbevredigend;expired
onbeweeglijk;explode
onbewezen;exploit
onbewogen;exploitation
onbewust;explosive
onbezonnen;expropriate
onbezorgdheid;expropriation
onboetvaardig;expulse
onbruikbaar;expunge
onbuigzaam;exterminate
oncomfortabel;extermination
oncoöperatief;extinguish
oncreatief;extort
ondankbaar;extortion
ondankbaarheid;extraneous
onderbekrachtigd;extravagance
onderbetaald;extravagant
onderbieden;extravagantly
onderbreken;extremism
onderbreking;extremist
onderbrekingen;extremists
onderdak;eyesore
onderdanig;f**k
onderdanigheid;fabricate
onderdrukken;fabrication
onderdrukkend;facetious
onderdrukkers;facetiously
onderdrukking;fail
ondergang;failed
ondergeschikt;failing
ondergeschikten;fails
onderhandelen;failure
ondermaats;failures
ondermijnd;faint
ondermijnen;fainthearted
ondermijnend;faithless
ondermijning;fake
ondermijnt;fall
onderschatten;fallacies
onderwerpen;fallacious
onderwerping;fallaciously
onderworpen;fallaciousness
ondeskundig;fallacy
ondeugd;fallen
ondeugend;falling
ondraaglijk;fallout
onduidelijk;falls
oneconomisch;falsehood
oneens;falsely
oneerbiedig;falsify
oneerlijk;falter
oneerlijkheid;faltered
onelegant;famine
onelegantie;famished
onenigheid;fanatic
onervaren;fanatical
onervarenheid;fanatically
onessentieel;fanaticism
onethisch;fanatics
onevenredig;fanciful
onevenwichtigheid;farce
onfatsoenlijk;farcical
onfatsoenlijkheid;farcically
ongastvrij;farcical-yet-provocative
ongastvrijheid;farfetched
ongebruikelijk;far-fetched
ongecontroleerd;fascism
ongedaan;fascist
ongedefinieerd;fastidious
ongedocumenteerd;fastidiously
ongeduld;fastuous
ongeduldig;fat
ongeëvenaard;fatal
ongefinancierd;fatalistic
ongegrond;fatalistically
ongehoorzaam;fatally
ongehoorzaamheid;fatcat
ongeldig;fat-cat
ongeldigheid;fatcats
ongelijk;fat-cats
ongelijkheden;fateful
ongelijkheid;fatefully
ongelijkmatig;fathomless
ongeloof;fatigue
ongelooflijk;fatigued
ongeloofwaardig;fatique
ongelovig;fatty
ongelovige;fatuity
ongelovigen;fatuous
ongeluk;fatuously
ongelukkig;fault
ongemak;faults
ongemakkelijk;faulty
ongemakkelijkheid;fawningly
ongeoorloofd;faze
ongeorganiseerd;fear
ongepast;fearful
ongepastheid;fearfully
ongerechtvaardigd;fears
ongeschikt;fearsome
ongeschiktheid;feckless
ongetest;feeble
ongevoelig;feeblely
ongewend;feebleminded
ongewenst;feign
ongezellig;feint
ongezond;fell
ongracieus;felon
ongrondwettelijk;felonious
ongunstig;ferociously
onhandelbaar;ferocity
onhandig;fetid
onhandigheid;fever
onherstelbaar;feverish
onherstelbaarheden;fevers
onherstelbaarheid;fiasco
onhervormbaar;fib
onhoorbaar;fibber
onhoudbaar;fickle
oninvorderbaar;fiction
onjuist;fictional
onjuiste;fictitious
onjuistheden;fidget
onkijkbaar;fidgety
onkruid;fiend
onleesbaar;fiendish
onmatig;fierce
onmenselijk;figurehead
onmenselijkheid;filth
onmogelijk;filthy
onmogelijkheid;finagle
onnadenkendheid;finicky
onnatuurlijk;fissures
onnauwkeurig;fist
onnauwkeurigheid;flabbergast
onnobel;flabbergasted
onnodig;flagging
onnozel;flagrant
onnozelheid;flagrantly
ononderdrukbaar;flair
ononderscheidbaar;flairs
ononderscheidend;flak
onondersteunend;flake
onontkoombaar;flakey
onontwarbaar;flakieness
onopgelost;flaking
onopgemerkt;flaky
onophoudelijk;flare
onoplettend;flares
onoplosbaar;flareup
onoprecht;flareups
onoprechtheid;flat-out
onorthodox;flaunt
onorthodoxie;flaw
onoverkomelijk;flawed
onovertuigend;flaws
onpeilbaar;flee
onpersoonlijk;fleed
onpolitiek;fleeing
onpopulair;fleer
onpraktisch;flees
onprecies;fleeting
onproductief;flicering
onrechtmatig;flicker
onrechtvaardig;flickering
onrechtvaardigen;flickers
onrechtvaardigheid;flighty
onredelijk;flimflam
onregelmatig;flimsy
onregelmatigheid;flirt
onrein;flirty
onrendabel;floored
onrust;flounder
onrustig;floundering
onruststoker;flout
ons;fluster
onsmakelijk;foe
onsociaal;fool
ontbinding;fooled
ontbranden;foolhardy
ontdaan;foolish
ontduiken;foolishly
ontduiker;foolishness
onteigenen;forbid
onteigening;forbidden
ontevreden;forbidding
ontevredenerend;forceful
ontevredenheid;foreboding
ontgoocheld;forebodingly
ontgoocheling;forfeit
ontheiligen;forged
ontheiliger;forgetful
ontijdig;forgetfully
ontkend;forgetfulness
ontkennen;forlorn
ontkennend;forlornly
ontkenning;forsake
ontkent;forsaken
ontmenselijken;forswear
ontmenselijking;foul
ontmoedigd;foully
ontmoedigen;foulness
ontmoedigend;fractious
ontmoediging;fractiously
ontnemen;fracture
ontnomen;fragile
ontnuchterend;fragmented
ontoegankelijk;frail
ontoelaatbaar;frantic
ontoereikend;frantically
ontoereikendheid;franticly
ontrafeld;fraud
ontrafelen;fraudulent
ontredderd;fraught
ontregelen;frazzle
ontrouw;frazzled
ontslag;freak
ontslagen;freaking
ontslaggrage;freakish
ontsnapping;freakishly
ontsteken;freaks
ontsteking;freeze
ontstekingsreactie;freezes
ontstoken;freezing
ontvlammen;frenetic
ontvormen;frenetically
ontwapenen;frenzied
ontwijken;frenzy
ontwijkend;fret
ontwijking;fretful
ontworteld;frets
ontwortelen;friction
ontzag;frictions
ontzenuwd;fried
ontzenuwen;friggin
ontzenuwend;frigging
ontzet;fright
ontzetten;frighten
ontzettend;frightening
ontzetting;frighteningly
onuitsprekelijk;frightful
onvast;frightfully
onvastheid;frigid
onveilig;frost
onverantwoordelijk;frown
onverbeterlijk;froze
onverbiddelijk;frozen
onverdedigbaar;fruitless
onverdraagzaamheid;fruitlessly
onverfijnd;frustrate
onvergeeflijk;frustrated
onvergelijkbaar;frustrates
onvergevend;frustrating
onverklaarbaar;frustratingly
onverklaard;frustration
onverlosbaar;frustrations
onvermijdelijk;fuck
onvermogen;fucking
onverschillig;fudge
onverschilligheid;fugitive
onverstaanbaar;full-blown
onverstandig;fulminate
onvervangbaar;fumble
onvervuld;fume
onverwacht;fumes
onverwachte situatie;fundamentalism
onverzadigbaar;funky
onverzekerd;funnily
onverzettelijk;funny
onverzettelijkheid;furious
onverzoenbaar;furiously
onverzoenlijk;furor
onvoldoende;fury
onvolledig;fuss
onvolmaakt;fussy
onvolmaaktheden;fustigate
onvolmaaktheid;fusty
onvolwassen;futile
onvoorbereid;futilely
onvoorspelbaar;futility
onvoorstelbaar;fuzzy
onvoorzichtig;gabble
onvoorzichtigheid;gaff
onvoorzien;gaffe
onvriendelijk;gainsay
onvrijwillig;gainsayer
onvroomheid;gall
onvruchtbaar;galling
onwaarachtig;gallingly
onwaarderen;galls
onwaardig;gangster
onwaargenomen;gape
onwaarheid;garbage
onwaarschijnlijk;garish
onwaarschijnlijkheid;gasp
onwel;gauche
onwelkom;gaudy
onwelsprekend;gawk
onwerkbaar;gawky
onwerkelijk;geezer
onwetend;genocide
onwetendheid;ghastly
onwettig;ghetto
onwettigheid;ghosting
onwillig;gibber
onwilligheid;gibberish
onwrikbaar;gibe
onzedelijk;giddy
onzedelijkheid;gimmick
onzeker;gimmicked
onzekerheid;gimmicking
onzichtbaar;gimmicks
onzin;gimmicky
onzuiver;glare
onzuiverheid;glaringly
oorlogszuchtig;glib
oorverdovend;glibly
opdringerig;glitch
openlijk;glitches
opgeblazen;gloatingly
opgehangen;gloom
opgesloten;gloomy
opgever;glower
opgezwollen;glum
ophef;glut
ophouden;gnawing
opleggen;goad
opleggend;goading
opleggers;god-awful
oplichter;goof
oplichters;goofy
oplichting;gossip
oppervlakkig;graceless
oppervlakkigheid;gracelessly
opportunistisch;graft
opscheppen;grainy
opschepper;grapple
opschepperig;grate
opschudding;grating
opstand;gravely
opstandig;greasy
opvallend;greed
opvlamming;greedy
opvlammingen;grief
opvliegend;grievance
opvlieger;grievances
opwinding;grieve
opzet;grieving
opzichtig;grievous
ordinair;grievously
ouderwets;grim
overbalans;grimace
overbelast;grind
overbenadrukken;gripe
overbetaald;gripes
overblijfselen;grisly
overbodig;gritty
overbodigheid;gross
overdreven;grossly
overdrijft;grotesque
overdrijven;grouch
overgave;grouchy
overgebalanceerd;groundless
overgewaardeerd;grouse
overgewicht;growl
overhaast;grudge
overheersen;grudges
overheersend;grudging
overijverig;grudgingly
overkill;gruesome
overlast;gruesomely
overlopen;gruff
overmoed;grumble
overmoedig;grumpier
overschaduwen;grumpiest
overschrijdingen;grumpily
overspeler;grumpish
overspoeld;grumpy
overspoelen;guile
overstroming;guilt
overtreden;guiltily
overtreder;guilty
overtreding;gullible
overtredingen;gutless
overvallen;gutter
oververeenvoudiging;haggard
oververhitten;haggle
overvloedig;hairloss
overvol;halfhearted
overwaardering;halfheartedly
overweldigd;hallucinate
overweldigen;hallucination
overweldigend;hamper
overzien;hampered
pandemonium;handicapped
paniek;hang
paniekerig;hangs
papperig;haphazard
paradoxaal;hapless
paranoia;harangue
paranoïde;harass
parasiet;harassed
paria;harasses
parodie;harassment
partijdigheid;harboring
partijganger;harbors
partijgangers;hard
pas op;hardball
passief;harden
passiviteit;hardened
patstelling;hardheaded
pedant;hardhearted
per ongeluk;hard-hit
pervers;hard-line
perversiteit;hardliner
pervert;hard-liner
pessimisme;hardliners
pessimistisch;hardship
pesten;hardships
pestend;harm
pestgedrag;harmed
pestilent;harmful
pestkoppen;harms
piekeren;harpy
piekerend;harridan
piepen;harried
piepend;harrow
pijn;harsh
pijnen;harshly
pijniging;hasseling
pijnlijk;hassle
pijnlijkheid;hassled
pijnzen;hassles
pistool;haste
plaag;hastily
plagend;hasty
plagiaat;hate
plakkerig;hated
plasticachtig;hateful
plat;hatefully
plebejers;hatefulness
plechtig;hater
plek;haters
plichtmatig;hates
ploeterde;hating
ploeteren;hatred
ploetert;haughtily
plotseling;haughty
plunderaar;haunt
plunderen;haunting
plundering;havoc
polarisatie;hawkish
polemiseren;haywire
pompeus;hazard
precair;hazardous
preken;haze
pretbederver;hazy
pretentieus;headache
prik;headaches
prikkel;head-aches
prikkelbaar;heartbreaker
prikkels;heartbreaking
primitief;heartbreakingly
probleem;heartless
problematisch;heathen
problemen;heavy-handed
proceslustig;heavyhearted
pronken;heck
propaganda;heckle
propaganderen;heckled
protesten;heckles
protesteren;hectic
protesterend;hedge
provocatie;hedonistic
provocatief;heedless
pruilen;hefty
prutser;hegemonism
prutsers;hegemonistic
puistje;hegemony
racisme;heinous
racist;hell
racisten;hell-bent
radeloos;hellion
radeloosheid;hells
radicaal;helpless
radicalen;helplessly
radicalisering;helplessness
rafelig;heresy
rammelt;heretic
ramp;heretical
rampen;hesitant
rampspoed;hestitant
rampzalig;hideous
rapsodiëren;hideously
raspen;hideousness
raspend;high-priced
rasperen;hiliarious
razen;hinder
razend;hindrance
razernij;hiss
reactionair;hissed
recessie;hissing
recessie-gerelateerd;hoard
rechtsmiddelen;hoax
regressie;hobble
regressief;hogs
relatiebreuken;hollow
remmen;hoodium
remming;hoodwink
respectloos;hooligan
respectloosheid;hopeless
retoriek;hopelessly
retorisch;hopelessness
rigide;horde
rigiditeit;horrendous
rillen;horrendously
rimpel;horrible
rimpels;horrid
risico;horrific
risico's;horrified
risky;horrifies
rivaal;horrify
rivaliteit;horrifying
roddel;horrifys
roddelen;hostage
roekeloos;hostile
roekeloosheid;hostilities
roest;hostility
roesten;hotbeds
roestig;hothead
roken;hotheaded
rommel;hothouse
rommelig;hubris
rommels;huckster
ronduit;hum
roof;humid
roofzuchtig;humiliate
rook;humiliating
rookgordijn;humiliation
rookt;humming
rotjoch;hung
rotsachtig;hurt
rotzooi;hurted
rouw;hurtful
rouwen;hurting
rouwend;hurts
rouwer;hustler
ruiken;hype
ruikend;hypocricy
ruïne;hypocrisy
ruïneren;hypocrite
ruïnes;hypocrites
rumoerig;hypocritical
rusteloos;hypocritically
rusteloosheid;hysteria
ruw;hysteric
ruzie;hysterical
ruzie maken;hysterically
ruzieachtig;hysterics
ruzieën;idiocies
ruziën;idiocy
saai;idiot
sabotage;idiotic
samenspannen;idiotically
samenzweerder;idiots
samenzweerderig;idle
samenzweerders;ignoble
samenzweren;ignominious
samenzwerend;ignominiously
samenzwering;ignominy
samenzweringen;ignorance
sarcasme;ignorant
sarcastisch;ignore
sardonisch;ill-advised
satirisch;ill-conceived
satiriseren;ill-defined
scepticus;ill-designed
sceptisch;illegal
schaamte;illegally
schaamteloos;illegitimate
schaamteloosheid;ill-fated
schaars;ill-favored
schaarste;ill-formed
schade;illicit
schadelijk;illiterate
schades;ill-mannered
schand;ill-natured
schandaal;illness
schandalen;illogic
schandalig;illogical
schandaligheid;illogically
schande;ill-sorted
schandelijk;ill-tempered
schandpaal;ill-treated
scheiden;ill-treatment
scheiding;ill-usage
schel;ill-used
schelden;illusion
scheldwoorden;illusions
schenden;illusory
schender;imaginary
schenders;imbalance
schending;imbecile
scherp;imbroglio
schetsachtig;immaterial
scheur;immature
scheuren;imminence
scheurend;imminently
schijn;immobilized
schijnheilig;immoderate
schilfer;immoderately
schilferend;immodest
schilferig;immoral
schilferigheid;immorality
schimmig;immorally
schimpscheut;immovable
schipbreuk;impair
schitterend;impaired
schittering;impasse
schok;impatience
schokken;impatient
schokkend;impatiently
schokkerig;impeach
schoppen;impedance
schouderophalen;impede
schrammen;impediment
schreeuw;impending
schreeuwen;impenitent
schreeuwerig;imperfect
schrik;imperfection
schrikken;imperfections
schrikwekkend;imperfectly
schril;imperialist
schroothoop;imperil
schubben;imperious
schudden;imperiously
schuin;impermissible
schuld;impersonal
schulden;impertinent
schuldgevoel;impetuous
schuldig;impetuously
schuren;impiety
schurend;impinge
schurk;impious
schurkachtig;implacable
schurken;implausible
schuw;implausibly
self harm;implicate
seniel;implication
sensationaliseren;implode
sentimentaliteit;impolite
sentimenteel;impolitely
shit;impolitic
simplistisch;importunate
sinister;importune
sinisterig;impose
sissen;imposers
sissend;imposing
slaaf;imposition
slaafd;impossible
slaan;impossiblity
slaand;impossibly
slachten;impotent
slachterij;impoverish
slachting;impoverished
slachtingen;impractical
slachtoffer;imprecate
slag;imprecise
slager;imprecisely
slak;imprecision
slap;imprison
slapen;imprisonment
slapend;improbability
slapheid;improbable
slecht;improbably
slechte reputatie;improper
sleept;improperly
slenteren;impropriety
slepen;imprudence
slepend;imprudent
slet;impudence
sletten;impudent
sleur;impudently
slijm;impugn
sloop;impulsive
slopen;impulsively
slordig;impunity
sluipen;impure
sluipend;impurity
slungelig;inability
sluw;inaccuracies
sluwheid;inaccuracy
smakelijk;inaccurate
smaller;inaccurately
smeedde;inaction
smeekbede;inactive
smeekbeden;inadequacy
smeken;inadequate
smeren;inadequately
smerig;inadverent
smet;inadverently
smeulen;inadvisable
smeulend;inadvisably
smoesjes;inane
snauwen;inanely
snauwend;inappropriate
snif;inappropriately
snijden;inapt
snijdend;inaptitude
snob;inarticulate
snobistisch;inattentive
snobs;inaudible
snotaap;incapable
sober;incapably
so-cal;incautious
somber;incendiary
somberheid;incense
spanning;incessant
spatten;incessantly
spierballen;incite
spijt;incitement
spijtelijk;incivility
spijtvol;inclement
splijten;incognizant
splijtend;incoherence
spoken;incoherent
spook;incoherently
spookachtig;incommensurate
spookachtiger;incomparable
spookachtigst;incomparably
spookt;incompatability
spoor;incompatibility
sporadisch;incompatible
sporen;incompetence
spot;incompetent
spoterijen;incompetently
spotten;incomplete
spottend;incompliant
spuug;incomprehensible
stagnatie;incomprehension
stallen;inconceivable
stammen;inconceivably
stank;incongruous
stanks;incongruously
staren;inconsequent
statisch;inconsequential
steek;inconsequentially
steil;inconsequently
steken;inconsiderate
stekend;inconsiderately
stelen;inconsistence
stereotype;inconsistencies
stereotypisch;inconsistency
sterft;inconsistent
sterven;inconsolable
stervend;inconsolably
stervende;inconstant
stevig;inconvenience
stierepoep;inconveniently
stigma;incorrect
stigmatiseren;incorrectly
stijf;incorrigible
stijfheid;incorrigibly
stilstand;incredulous
stilte;incredulously
stinkend;inculcate
stof;indecency
stoffig;indecent
stom;indecently
stomp;indecision
stompt;indecisive
stoofpot;indecisively
stoot;indecorum
storend;indefensible
storing;indelicate
storingen;indeterminable
storm;indeterminably
stormachtig;indeterminate
storten;indifference
stortplaats;indifferent
stortvloed;indigent
stotend;indignant
stotterde;indignantly
stotteren;indignation
stotterend;indignity
stottert;indiscernible
straf;indiscreet
strafbaar;indiscreetly
straffeloosheid;indiscretion
straffen;indiscriminate
streng;indiscriminately
stress;indiscriminating
stressvol;indistinguishable
strijd;indoctrinate
strijdig;indoctrination
strikt;indolent
stront;indulge
stroom;ineffective
struikelen;ineffectively
struikelt;ineffectiveness
stupireren;ineffectual
stupirisme;ineffectually
suïcidaal;ineffectualness
sukkel;inefficacious
symptomen;inefficacy
symptoom;inefficiency
syndroom;inefficient
taaiheid;inefficiently
taboe;inelegance
te laat;inelegant
teef;ineligible
tegendraadsheid;ineloquent
tegenhouden;ineloquently
tegenovergesteld;inept
tegenslag;ineptitude
tegenslagen;ineptly
tegenspoed;inequalities
tegenspraak;inequality
tegenspreken;inequitable
tegenspreker;inequitably
tegenstander;inequities
tegenstanders;inescapable
tegenstrijdig;inescapably
tegenstrijdigheid;inessential
tegenwerken;inevitable
tegenzin;inevitably
tegenzinvol;inexcusable
tekort;inexcusably
tekorten;inexorable
tekortkoming;inexorably
tekortkomingen;inexperience
teleurgesteld;inexperienced
teleurstellen;inexpert
teleurstellend;inexpertly
teleurstelling;inexpiable
temperament;inexplainable
terneergeslagen;inextricable
terreur;inextricably
terreurgenererend;infamous
terroriseren;infamously
terrorisme;infamy
terugdeinzen;infected
teruggetrokken;infection
terugkeren;infections
terugtrekken;inferior
terugval;inferiority
tijdrovend;infernal
timide;infest
tintelend;infested
tirade;infidel
tirades;infidels
tiranniek;infiltrator
tobben;infiltrators
toegegeven;infirm
toegeven;inflame
toegeving;inflammation
toegevingen;inflammatory
toezicht;inflammed
tol;inflated
topzwaar;inflationary
totalitair;inflexible
traag;inflict
tragedie;infraction
tragisch;infringe
tramp;infringement
trauma;infringements
traumatisch;infuriate
traumatiseren;infuriated
travestie;infuriating
travestieën;infuriatingly
treuren;inglorious
treurend;ingrate
treurig;ingratitude
treuzelen;inhibit
trieverend;inhibition
trillen;inhospitable
trillend;inhospitality
trilt;inhuman
trio;inhumane
triviaal;inhumanity
trivialiseren;inimical
troebel;inimically
troosteloos;iniquitous
trots;iniquity
trotseren;injudicious
truc;injure
trucjes;injurious
tuchtigen;injury
tuchtiging;injustice
tuimelde;injustices
tuimelen;innuendo
tuimelt;inoperable
tumultueus;inopportune
turbulent;inordinate
tweede;inordinately
tweederangs;insane
tweeslachtig;insanely
twijfel;insanity
twijfelachtig;insatiable
twijfelend;insecure
twijfels;insecurity
twistbaar;insensible
uitbarsting;insensitive
uitbarstingen;insensitively
uitbraak;insensitivity
uitbuiten;insidious
uitbuiting;insidiously
uitdagen;insignificance
uitdagend;insignificant
uitdoven;insignificantly
uitdrijven;insincere
uitdrogen;insincerely
uiteengereden;insincerity
uitflappen;insinuate
uitgedroogd;insinuating
uitgehongerd;insinuation
uitgelaten;insociable
uitgemagerd;insolence
uitgemergeld;insolent
uitgeput;insolently
uitgespuwd;insolvent
uitgevend;insouciance
uitgewist;instability
uithongeren;instable
uitlaatklep;instigate
uitlappen;instigator
uitlokken;instigators
uitputten;insubordinate
uitroeien;insubstantial
uitroepen;insubstantially
uitschakelen;insufferable
uitsluiting;insufferably
uitspuwen;insufficiency
uitspuwend;insufficient
uitstel;insufficiently
uitstelgedrag;insular
uitstellen;insult
uitstoten;insulted
uitwerken;insulting
uitwissen;insultingly
ultimatum;insults
ultimatums;insupportable
unilateralisme;insupportably
unipolair;insurmountable
urgent;insurmountably
usurpator;insurrection
usurperen;intefere
vaag;inteferes
vaagheid;intense
val;interfere
vallen;interference
vallend;interferes
vals;intermittent
valstrik;interrupt
valt;interruption
varken;interruptions
varkens;intimidate
vastberaden;intimidating
vastgehaakt;intimidatingly
vasthoudend;intimidation
vastzitten;intolerable
vatbaar;intolerablely
vegen;intolerance
veinzen;intoxicate
veracht;intractable
verachtelijk;intransigence
verachten;intransigent
verachtend;intrude
verachting;intrusion
verafschuwd;intrusive
verafschuwelijk;inundate
verafschuwen;inundated
verafschuwend;invader
verafschuwt;invalid
verarmd;invalidate
verarmen;invalidity
verbann;invasive
verbannen;invective
verbanning;inveigle
verbergen;invidious
verbeuren;invidiously
verbieden;invidiousness
verbijsterd;invisible
verbijsteren;involuntarily
verbijsterend;involuntary
verbijstering;irascible
verbitteren;irate
verblindend;irately
verboden;ire
verbrand;irk
verbranden;irked
verbrandt;irking
verbrijzelen;irks
verdacht;irksome
verdachtmaking;irksomely
verdachtmakingen;irksomeness
verdedigend;irksomenesses
verdeeldheid;ironic
verdoemd;ironical
verdoemend;ironically
verdomd;ironies
verdomme;irony
verdoofd;irragularity
verdorven;irrational
verdraaien;irrationalities
verdraaiingen;irrationality
verdriet;irrationally
verdrietig;irrationals
verdrijven;irreconcilable
verdrinken;irrecoverable
verduisterd;irrecoverableness
verduisteren;irrecoverablenesses
verduistert;irrecoverably
verdwaald;irredeemable
verergeren;irredeemably
verergerend;irreformable
verergering;irregular
verfoeien;irregularity
verfrommeld;irrelevance
verfrommelt;irrelevant
vergaan;irreparable
vergaat;irreplacible
vergeetachtig;irrepressible
vergeetachtigheid;irresolute
vergeldend;irresolvable
vergezocht;irresponsible
verging;irresponsibly
vergissing;irretating
vergissingen;irretrievable
vergoedkopen;irreversible
verkeerd;irritable
verkeerde;irritably
verkiezingsfraudeur;irritant
verklaren;irritate
verknald;irritated
verknaller;irritating
verknoeien;irritation
verkracht;irritations
verkrachting;isolate
verkrampt;isolated
verkwisten;isolation
verlamd;issue
verlammen;issues
verlammend;itch
verlangen;itching
verlangend;itchy
verlaten;jabber
verlatenheid;jaded
verlegen;jagged
verlegenheid;jam
verleiden;jarring
verleiding;jaundiced
verliefd;jealous
verlies;jealously
verliest;jealousness
verliezen;jealousy
verliezer;jeer
verliezers;jeering
verlopen;jeeringly
verloren;jeers
verlorenheden;jeopardize
vermanen;jeopardy
vermanend;jerk
vermijden;jerky
vermindering;jitter
verminken;jitters
verminking;jittery
vermoeden;jobless
vermoedens;joke
vermoeid;joker
vermoeidheid;jolt
vermoeien;judder
vermoeiend;juddering
vermoorden;judders
vernederaar;jumpy
vernederd;junk
vernederen;junky
vernederend;junkyard
vernedering;jutter
vernield;jutters
vernietigd;kaput
vernietigen;kill
vernietigend;killed
vernietiger;killer
vernietiging;killing
verongelukt;killjoy
verontreinigd;kills
verontreinigen;knave
verontreiniging;knife
verontreinigt;knock
verontrust;knotted
verontrusten;kook
verontrustend;kooky
verontschuldigers;lack
verontwaardigd;lackadaisical
verontwaardiging;lacked
verontwaardigt;lackey
veroordeelbaar;lackeys
veroordeeld;lacking
veroordeelt;lackluster
veroordelbaar;lacks
veroordelen;laconic
veroordeling;lag
veroorzaakt;lagged
verouderd;lagging
verpest;laggy
verplaatsen;lags
verplaatst;laid-off
verpletterd;lambast
verpletteren;lambaste
verpletterend;lame
verplettert;lame-duck
verraad;lament
verraadplegers;lamentable
verraadt;lamentably
verradelijk;languid
verraden;languish
verradend;languor
verrader;languorous
verraderlijk;languorously
verrot;lanky
verrotten;lapse
verschrikkelijk;lapsed
verschrikkelijkheid;lapses
verschrikken;lascivious
verschrikt;last-ditch
verschrompelen;latency
verslaafd;laughable
verslaafden;laughably
verslavend;laughingstock
verslechteren;lawbreaker
verslechterend;lawbreaking
verslechtering;lawless
versleten;lawlessness
versnipperd;layoff
verspild;layoff-happy
verspillend;lazy
verspilling;leak
versteend;leakage
verstenen;leakages
verstikken;leaking
verstikkend;leaks
verstoken;leaky
verstoord;lech
verstopping;lecher
verstoppingen;lecherous
verstopt;lechery
verstoren;leech
verstorend;leer
verstoring;leery
verstrikt;left-leaning
verstrooid;lemon
versuft;lengthy
verteren;less-developed
vertraagd;lesser-known
vertragen;letch
vertragend;lethal
vertraging;lethargic
vertragingen;lethargy
vertrappen;lewd
vertroebelen;lewdly
vervaagd;lewdness
vervaagt;liability
vervagen;liable
verval;liar
vervalgraad;liars
vervallen;licentious
vervalsen;licentiously
vervalsing;licentiousness
vervalst;lie
verveeld;lied
verveelt;lier
vervelen;lies
vervelend;lifeless
verveling;life-threatening
vervloekt;limit
vervloekte;limitation
vervolgen;limitations
vervolging;limited
vervormd;limits
vervormen;limp
vervormingen;listless
vervormt;litigious
vervreemd;little-known
vervreemden;livid
vervreemding;lividly
vervuilen;loath
vervuilend;loathe
vervuiler;loathing
vervuilers;loathly
vervuiling;loathsome
verwaand;loathsomely
verwaandheid;lone
verwaarloosd;loneliness
verwaarlozen;lonely
verward;loner
verwarren;lonesome
verwarrend;longing
verwarring;longingly
verwarringen;long-time
verwart;long-winded
verwatering;loophole
verwelken;loopholes
verwerpelijk;loose
verwerpen;loot
verwerping;lorn
verwerpt;lose
verwijt;loser
verwijtbaar;losers
verwijten;loses
verwijtend;losing
verwikkeld;loss
verwoest;losses
verwoesten;lost
verwoestend;loud
verwoesting;louder
verwonden;lousy
verzadiging;loveless
verzaken;lovelorn
verzakt;lowly
verzengend;low-rated
verzet;ludicrous
verzinnen;ludicrously
verzonken;lugubrious
verzwakken;lukewarm
verzwakkend;lull
verzwakking;lumpy
vettig;lunatic
vies;lunaticism
viesheid;lurch
viezer;lure
vijand;lurid
vijanden;lurk
vijandig;lurking
vijandigheden;lying
vijandigheid;macabre
vijandschap;mad
virulent;madden
virulentie;maddening
virus;maddeningly
vleien;madder
vleier;madly
vleierij;madman
vleiers;madness
vlek;maladjusted
vlekken;maladjustment
vlekkerig;malady
vloek;malaise
vloeken;malcontent
vloekend;malcontented
vloekt;maledict
vlok;malevolence
vlooien;malevolent
vlot;malevolently
vlotte;malice
vluchten;malicious
vluchtend;maliciously
vluchtig;maliciousness
vluchtigheid;malign
vluchtte;malignant
vochtig;malodorous
volbloed;maltreatment
volkomen;mangle
volle;mangled
voorbedacht;mangles
voorgevoel;mangling
vooringenomen;mania
voorlopig;maniac
vooroordeel;maniacal
vooroordelen;manic
voortvluchtig;manipulate
voorzichtig;manipulation
voorzichtigheid;manipulative
vorst;manipulators
vreemd;marginal
vreemder;marginally
vreemdheden;martyrdom
vreemdheid;martyrdom-seeking
vreemdst;mashed
vreemdste;massacre
vreselijk;massacres
vreselijkheid;matte
vriendjespolitiek;mawkish
vruchteloos;mawkishly
vuil;mawkishness
vuilzak;meager
vuilzakken;meaningless
vuist;meanness
waanidee;measly
waanideeën;meddle
waanzin;meddlesome
waanzinnig;mediocre
waardeloos;mediocrity
waardeloosheid;melancholy
waardig;melodramatic
waarschuwen;melodramatically
waarschuwend;meltdown
waarschuwing;menace
walgelijk;menacing
walging;menacingly
wanbetaler;mendacious
wanbetaling;mendacity
wangedrag;menial
wanhoop;merciless
wanhoopstoestand;mercilessly
wanhopend;mess
wanhopig;messed
wankelde;messes
wankelen;messing
wankelend;messy
wanorde;midget
wanordelijk;miff
wantrouwen;militancy
wantrouwend;mindless
wapen;mindlessly
wartaal;mirage
wazig;mire
weeklagen;misalign
weerbarstig;misaligned
weerlegd;misaligns
weerleggen;misapprehend
weerleggend;misbecome
weerlegt;misbecoming
wees;misbegotten
weggelopen;misbehave
weglaten;misbehavior
weglating;miscalculate
weglopen;miscalculation
wegversperringen;miscellaneous
weigeren;mischief
weigering;mischievous
weigert;mischievously
weinig;misconception
wellust;misconceptions
wellusteling;miscreant
wellustig;miscreants
werkloos;misdirection
wetsovertreder;miser
wetsovertreding;miserable
wetteloos;miserableness
wetteloosheid;miserably
wiebelde;miseries
wiebelen;miserly
wiebelt;misery
wierook;misfit
wijdverbreid;misfortune
wild;misgiving
willekeurig;misgivings
windstilte;misguidance
wispelturig;misguide
wisselvallig;misguided
woede;mishandle
woedeaanval;mishap
woedend;misinform
woest;misinformed
woestijn;misinterpret
wolk;misjudge
wond;misjudgment
wonden;mislead
woordenwisseling;misleading
worstelde;misleadingly
worstelen;mislike
worstelt;mismanage
wraak;mispronounce
wraakzuchtig;mispronounced
wraakzuchtigheid;mispronounces
wreder;misread
wreed;misreading
wreedheden;misrepresent
wreedheid;misrepresentation
wreedst;miss
wreken;missed
wrijving;misses
wrijvingen;misstatement
wrok;mist
wrokgevoelens;mistake
wurgen;mistaken
xic;mistakenly
zak;mistakes
zeepachtig;mistified
zelfcoup;mistress
zelfdienend;mistrust
zelfgenoegzaam;mistrustful
zelfkritiek;mistrustfully
zelfmoord;mists
zelfvernedering;misunderstand
zelfvernietigend;misunderstanding
zelfvoldaan;misunderstandings
zelfzuchtig;misunderstood
zeurderig;misuse
zeuren;moan
zeurend;mobster
zich;mock
ziek;mocked
ziekelijk;mockeries
ziekte;mockery
zielig;mocking
zinken;mockingly
zinkend;mocks
zinloos;molest
zittend;molestation
zoemen;monotonous
zoemend;monotony
zombie;monster
zonde;monstrosities
zondebok;monstrosity
zondig;monstrous
zorg;monstrously
zorgen;moody
zuigachtig;moot
zuigen;mope
zuigt;morbid
zuur;morbidly
zwaar;mordant
zwaarder;mordantly
zwaarlijvig;moribund
zwaarlijvigheid;moron
zwaarmoedig;moronic
zwak;morons
zwakheden;mortification
zwakker;mortified
zwakte;mortify
zwakzinnig;mortifying
zwavel;motionless
zweepslagen;motley
zwelling;mourn
zwerver;mourner
zweterig;mournful
zwoegen;mournfully
;muddle
;muddy
;mudslinger
;mudslinging
;mulish
;multi-polarization
;mundane
;murder
;murderer
;murderous
;murderously
;murky
;muscle-flexing
;mushy
;musty
;mysterious
;mysteriously
;mystery
;mystify
;myth
;na
;nag
;nagging
;naive
;naively
;narrower
;nastily
;nastiness
;nasty
;naughty
;nauseate
;nauseates
;nauseating
;nauseatingly
;nebulous
;nebulously
;needless
;needlessly
;needy
;nefarious
;nefariously
;negate
;negation
;negative
;negatives
;negativity
;neglect
;neglected
;negligence
;negligent
;nemesis
;nepotism
;nervous
;nervously
;nervousness
;nettle
;nettlesome
;neurotic
;neurotically
;niggle
;niggles
;nightmare
;nightmarish
;nightmarishly
;nitpick
;nitpicking
;noise
;noises
;noisier
;noisy
;non-confidence
;nonexistent
;nonresponsive
;nonsense
;nosey
;notoriety
;notorious
;notoriously
;noxious
;nuisance
;numb
;obese
;object
;objection
;objectionable
;objections
;oblique
;obliterate
;obliterated
;oblivious
;obnoxious
;obnoxiously
;obscene
;obscenely
;obscenity
;obscure
;obscured
;obscures
;obscurity
;obsess
;obsessive
;obsessively
;obsessiveness
;obsolete
;obstacle
;obstinate
;obstinately
;obstruct
;obstructed
;obstructing
;obstruction
;obstructs
;obtrusive
;obtuse
;occlude
;occluded
;occludes
;occluding
;odd
;odder
;oddest
;oddities
;oddity
;oddly
;odor
;offence
;offend
;offender
;offending
;offenses
;offensive
;offensively
;offensiveness
;officious
;ominous
;ominously
;omission
;omit
;onerous
;onerously
;one-sided
;onslaught
;opinionated
;opponent
;opportunistic
;oppose
;opposition
;oppositions
;oppress
;oppression
;oppressive
;oppressively
;oppressiveness
;oppressors
;ordeal
;orphan
;ostracize
;outbreak
;outburst
;outbursts
;outcast
;outcry
;outlaw
;outmoded
;outrage
;outraged
;outrageous
;outrageously
;outrageousness
;outrages
;outsider
;overact
;overacted
;over-acted
;overawe
;over-awe
;overbalance
;overbalanced
;over-balanced
;overbearing
;overbearingly
;overblown
;overdo
;overdone
;overdue
;overemphasize
;overheat
;over-hyped
;overkill
;overloaded
;overlook
;overpaid
;overpayed
;overplay
;overpower
;overpriced
;over-priced
;overrated
;overreach
;overrun
;overshadow
;oversight
;oversights
;oversimplification
;oversimplified
;oversimplify
;oversize
;overstate
;overstated
;overstatement
;overstatements
;overstates
;overtaxed
;overthrow
;overthrows
;overturn
;over-valuation
;overweight
;overwhelm
;overwhelmed
;overwhelming
;overwhelmingly
;overwhelms
;overzealous
;overzealously
;overzelous
;pain
;painful
;painfull
;painfully
;pains
;pale
;pales
;paltry
;pan
;pander
;pandering
;panders
;panic
;panick
;panicked
;panicking
;panicky
;paralize
;paralyzed
;paranoia
;paranoid
;parasite
;pariah
;parody
;partiality
;partisan
;partisans
;passe
;passive
;passiveness
;pathetic
;pathetically
;patronize
;paucity
;payback
;peculiar
;peeve
;peeved
;peevish
;peevishly
;penalize
;perfidious
;perfidity
;perfunctory
;perilous
;perilously
;perish
;pernicious
;perplex
;perplexed
;perplexing
;perplexity
;persecute
;persecution
;pertinacious
;pertinaciously
;perturb
;perturbed
;pervasive
;perverse
;perversely
;perversion
;perversity
;pervert
;perverted
;perverts
;pessimism
;pessimistic
;pessimistically
;pest
;pestilent
;petrified
;petrify
;pettifog
;petty
;phobia
;phobic
;phony
;picket
;picketed
;picketing
;pickets
;picky
;pillage
;pillory
;pimple
;pinch
;pique
;pitiable
;pitiful
;pitifully
;pitiless
;pitilessly
;pittance
;pity
;plagiarize
;plague
;plasticky
;plaything
;plea
;pleas
;plebeian
;plight
;plot
;plotters
;ploy
;plunder
;plunderer
;pointless
;pointlessly
;poison
;poisonous
;poisonously
;pokey
;polarisation
;polemize
;pollute
;polluter
;polluters
;polution
;pompous
;poor
;poorer
;poorest
;poorly
;posturing
;pout
;poverty
;powerless
;prate
;pratfall
;prattle
;precarious
;precariously
;precipitate
;precipitous
;predatory
;predicament
;prejudge
;prejudice
;prejudices
;prejudicial
;premeditated
;preoccupy
;preposterous
;preposterously
;presumptuous
;presumptuously
;pretence
;pretend
;pretense
;pretentious
;pretentiously
;prevaricate
;pricey
;pricier
;prick
;prickle
;prickles
;prideful
;prik
;primitive
;prison
;prisoner
;problem
;problematic
;problems
;procrastinate
;procrastinates
;procrastination
;profane
;profanity
;prohibit
;prohibitive
;prohibitively
;proprietary
;prosecute
;protest
;protested
;protesting
;protests
;protracted
;provocation
;provocative
;provoke
;pry
;pugnacious
;pugnaciously
;pugnacity
;punch
;punish
;punishable
;punitive
;punk
;puny
;puppet
;puppets
;puzzled
;puzzlement
;puzzling
;quack
;qualm
;qualms
;quandary
;quarrel
;quarrellous
;quarrellously
;quarrels
;quarrelsome
;quash
;queer
;questionable
;quibble
;quibbles
;quitter
;rabid
;racism
;racist
;racists
;racy
;radical
;radicalization
;radically
;radicals
;rage
;ragged
;raging
;rail
;raked
;rampage
;rampant
;ramshackle
;rancor
;randomly
;rankle
;rant
;ranted
;ranting
;rantingly
;rants
;rape
;raped
;raping
;rascal
;rascals
;rash
;rattle
;rattled
;rattles
;ravage
;raving
;reactionary
;rebellious
;rebuff
;rebuke
;recalcitrant
;recant
;recession
;recessionary
;reckless
;recklessly
;recklessness
;recoil
;recourses
;redundancy
;redundant
;refusal
;refuse
;refused
;refuses
;refusing
;refutation
;refute
;refuted
;refutes
;refuting
;regress
;regression
;regressive
;regret
;regreted
;regretful
;regretfully
;regrets
;regrettable
;regrettably
;regretted
;reject
;rejected
;rejecting
;rejection
;rejects
;relapse
;relentless
;relentlessly
;relentlessness
;reluctance
;reluctant
;reluctantly
;remorse
;remorseful
;remorsefully
;remorseless
;remorselessly
;remorselessness
;renounce
;renunciation
;repel
;repetitive
;reprehensible
;reprehensibly
;reprehension
;reprehensive
;repress
;repression
;repressive
;reprimand
;reproach
;reproachful
;reprove
;reprovingly
;repudiate
;repudiation
;repugn
;repugnance
;repugnant
;repugnantly
;repulse
;repulsed
;repulsing
;repulsive
;repulsively
;repulsiveness
;resent
;resentful
;resentment
;resignation
;resigned
;resistance
;restless
;restlessness
;restrict
;restricted
;restriction
;restrictive
;resurgent
;retaliate
;retaliatory
;retard
;retarded
;retardedness
;retards
;reticent
;retract
;retreat
;retreated
;revenge
;revengeful
;revengefully
;revert
;revile
;reviled
;revoke
;revolt
;revolting
;revoltingly
;revulsion
;revulsive
;rhapsodize
;rhetoric
;rhetorical
;ricer
;ridicule
;ridicules
;ridiculous
;ridiculously
;rife
;rift
;rifts
;rigid
;rigidity
;rigidness
;rile
;riled
;rip
;ripoff
;rip-off
;ripped
;risk
;risks
;risky
;rival
;rivalry
;roadblocks
;rocky
;rogue
;rot
;rotten
;rough
;rubbish
;rude
;rue
;ruin
;ruined
;ruining
;ruinous
;ruins
;rumbling
;rumor
;rumors
;rumours
;rumple
;runaway
;run-down
;rupture
;rust
;rusts
;rusty
;ruthless
;ruthlessly
;ruthlessness
;sabotage
;sack
;sacrificed
;sad
;sadden
;sadly
;sadness
;sag
;sagged
;sagging
;saggy
;sags
;salacious
;sanctimonious
;sap
;sarcasm
;sarcastic
;sarcastically
;sardonic
;sardonically
;sass
;satirical
;satirize
;savage
;savaged
;savagery
;savages
;scaly
;scam
;scams
;scandal
;scandalize
;scandalized
;scandalous
;scandalously
;scandals
;scandel
;scandels
;scant
;scar
;scarce
;scarcely
;scarcity
;scare
;scared
;scarier
;scariest
;scarily
;scarred
;scars
;scary
;scathing
;scathingly
;sceptical
;scoff
;scoffingly
;scold
;scolded
;scolding
;scoldingly
;scorching
;scorchingly
;scorn
;scornful
;scornfully
;scoundrel
;scourge
;scowl
;scramble
;scrambled
;scrambles
;scrambling
;scrap
;scratch
;scratched
;scratches
;scratchy
;scream
;screech
;screwed
;screwed-up
;screw-up
;screwy
;scuff
;scuffs
;scum
;scummy
;second-tier
;secretive
;sedentary
;seedy
;seethe
;seething
;self-criticism
;self-defeating
;self-destructive
;self-humiliation
;self-interest
;selfinterested
;self-interested
;selfish
;selfishly
;selfishness
;self-serving
;senile
;sensationalize
;senseless
;senselessly
;seriousness
;sermonize
;servitude
;setback
;setbacks
;set-up
;sever
;severe
;severity
;shabby
;shadowy
;shady
;shake
;shaky
;shallow
;sham
;shambles
;shame
;shameful
;shamefully
;shamefulness
;shameless
;shamelessly
;shamelessness
;shark
;sharply
;shatter
;shimmer
;shimmy
;shipwreck
;shirk
;shirker
;shit
;shiver
;shock
;shocked
;shocking
;shockingly
;shoddy
;shortage
;shortchange
;shortcoming
;shortcomings
;short-lived
;shortness
;shortsighted
;shortsightedness
;shrew
;shriek
;shrill
;shrilly
;shrivel
;shroud
;shrouded
;shrug
;shun
;shunned
;sick
;sicken
;sickening
;sickeningly
;sickly
;sickness
;sidetrack
;sidetracked
;siege
;sillily
;silly
;simplistic
;simplistically
;sin
;sinful
;sinfully
;sinister
;sinisterly
;sink
;sinking
;skeletons
;skeptic
;skeptical
;skeptically
;skepticism
;sketchy
;skimpy
;skinny
;skittish
;skittishly
;skulk
;slack
;slander
;slanderer
;slanderous
;slanderously
;slanders
;slap
;slashing
;slaughter
;slaughtered
;slave
;slaves
;sleazy
;slime
;slog
;slogged
;slogging
;slogs
;sloppily
;sloppy
;sloth
;slothful
;slow
;slowed
;slower
;slowest
;slowly
;slow-moving
;slug
;sluggish
;slump
;slumping
;slumpping
;slur
;slut
;sluts
;sly
;smack
;smallish
;smash
;smear
;smell
;smelled
;smelling
;smells
;smelly
;smelt
;smoke
;smokescreen
;smolder
;smoldering
;smother
;smouldering
;smudge
;smudged
;smudges
;smudging
;snag
;snagged
;snagging
;snags
;snappish
;snappishly
;snare
;snarky
;snarl
;sneer
;sneering
;sneeringly
;snob
;snobbish
;snobby
;snobish
;snobs
;snub
;sob
;sober
;sobering
;solemn
;somber
;sore
;sorely
;soreness
;sorrow
;sorrowful
;sorrowfully
;sorry
;sour
;sourly
;spiritless
;spite
;spiteful
;spitefully
;spitefulness
;spoil
;spoilage
;spoilages
;spoiled
;spoilled
;spoils
;spook
;spookier
;spookiest
;spookily
;spooky
;sporadic
;spotty
;spurious
;spurn
;sputter
;squabble
;squabbling
;squander
;squash
;squeak
;squeaks
;squeaky
;squeal
;squealing
;squeals
;squirm
;stab
;stagnation
;staid
;stain
;stains
;stale
;stalemate
;stall
;stalls
;stammer
;stampede
;standstill
;stark
;starkly
;startle
;startling
;startlingly
;starvation
;starve
;static
;steal
;stealing
;steals
;steep
;steeply
;stench
;stereotype
;stereotypical
;stereotypically
;stern
;stew
;sticky
;stiff
;stiffness
;stifle
;stifling
;stiflingly
;stigma
;stigmatize
;sting
;stinging
;stingingly
;stingy
;stink
;stinks
;stodgy
;stole
;stolen
;stooge
;stooges
;stormy
;straggle
;straggler
;strain
;strained
;straining
;strange
;strangely
;stranger
;strangest
;strangle
;streaky
;strenuous
;stress
;stresses
;stressful
;stressfully
;stricken
;strict
;strictly
;strident
;stridently
;strife
;strike
;stringent
;stringently
;struck
;struggle
;struggled
;struggles
;struggling
;strut
;stuck
;stuffy
;stumble
;stumbled
;stumbles
;stump
;stumped
;stumps
;stun
;stunt
;stunted
;stupid
;stupidest
;stupidity
;stupidly
;stupified
;stupify
;stupor
;stutter
;stuttered
;stuttering
;stutters
;subdued
;subjected
;subjection
;subjugate
;subjugation
;submissive
;subordinate
;sub-par
;subpoena
;subpoenas
;subservience
;subservient
;substandard
;subtract
;subversion
;subversive
;subversively
;subvert
;succumb
;suck
;sucked
;sucker
;sucks
;sucky
;sue
;sued
;sueing
;sues
;suffer
;suffered
;sufferer
;sufferers
;suffering
;suffers
;suffocate
;suicidal
;suicide
;sulk
;sullen
;sully
;sunder
;sunk
;sunken
;superficial
;superficiality
;superficially
;superfluous
;superstition
;superstitious
;suppress
;suppression
;surrender
;susceptible
;suspect
;suspicion
;suspicions
;suspicious
;suspiciously
;swagger
;swamped
;sweaty
;swelled
;swelling
;swindle
;swipe
;swollen
;symptom
;symptoms
;syndrome
;taboo
;tacky
;taint
;tainted
;tamper
;tangle
;tangled
;tangles
;tantrum
;tardy
;tarnish
;tarnished
;tarnishes
;tarnishing
;tattered
;taunt
;taunting
;tauntingly
;taunts
;taut
;tawdry
;taxing
;tease
;teasingly
;tedious
;tediously
;temerity
;temper
;tempest
;temptation
;tenderness
;tense
;tension
;tentative
;tentatively
;tenuous
;tenuously
;terrible
;terribleness
;terribly
;terror
;terror-genic
;terrorism
;terrorize
;testily
;testy
;thankless
;thirst
;thorny
;thoughtless
;thoughtlessly
;thoughtlessness
;thrash
;threat
;threaten
;threatening
;threats
;threesome
;throb
;throbbed
;throbbing
;throbs
;throttle
;thug
;thumb-down
;thumbs-down
;time-consuming
;timid
;timidity
;timidly
;timidness
;tingled
;tingling
;tired
;tiresome
;tiring
;tiringly
;toil
;toll
;top-heavy
;topple
;torment
;tormented
;torrent
;tortuous
;torture
;tortured
;tortures
;torturing
;torturous
;torturously
;totalitarian
;touchy
;toughness
;touts
;toxic
;traduce
;tragedy
;tragic
;tragically
;traitorous
;traitorously
;tramp
;trample
;transgress
;transgression
;trap
;traped
;trapped
;trash
;trashed
;trashy
;trauma
;traumatic
;traumatically
;traumatize
;traumatized
;travesties
;travesty
;treacherous
;treacherously
;treachery
;treason
;treasonous
;trick
;tricked
;trickery
;tricky
;trivial
;trivialize
;trouble
;troubled
;troublemaker
;troubles
;troublesome
;troublesomely
;troubling
;troublingly
;tumble
;tumbled
;tumbles
;tumultuous
;turbulent
;turmoil
;twist
;twisted
;twists
;two-faced
;tyrannical
;tyrannically
;tyranny
;tyrant
;ugh
;uglier
;ugliest
;ugliness
;ugly
;ulterior
;ultimatum
;ultimatums
;ultra-hardline
;unable
;unacceptable
;unacceptablely
;unacceptably
;unaccessible
;unaccustomed
;unachievable
;unaffordable
;unappealing
;unattractive
;unauthentic
;unavailable
;unavoidably
;unbearable
;unbearablely
;unbelievable
;unbelievably
;uncaring
;uncertain
;uncivil
;uncivilized
;unclean
;unclear
;uncollectible
;uncomfortable
;uncomfortably
;uncomfy
;uncompetitive
;uncompromising
;uncompromisingly
;unconfirmed
;unconstitutional
;uncontrolled
;unconvincing
;unconvincingly
;uncooperative
;uncouth
;uncreative
;undecided
;undefined
;undependability
;undependable
;undercut
;undercuts
;undercutting
;underdog
;underestimate
;underlings
;undermine
;undermined
;undermines
;undermining
;underpaid
;underpowered
;undersized
;undesirable
;undetermined
;undid
;undignified
;undissolved
;undocumented
;undone
;undue
;unease
;uneasily
;uneasiness
;uneasy
;uneconomical
;unemployed
;unequal
;unethical
;uneven
;uneventful
;unexpected
;unexpectedly
;unexplained
;unfairly
;unfaithful
;unfaithfully
;unfamiliar
;unfavorable
;unfeeling
;unfinished
;unfit
;unforeseen
;unforgiving
;unfortunate
;unfortunately
;unfounded
;unfriendly
;unfulfilled
;unfunded
;ungovernable
;ungrateful
;unhappily
;unhappiness
;unhappy
;unhealthy
;unhelpful
;unilateralism
;unimaginable
;unimaginably
;unimportant
;uninformed
;uninsured
;unintelligible
;unintelligile
;unipolar
;unjust
;unjustifiable
;unjustifiably
;unjustified
;unjustly
;unkind
;unkindly
;unknown
;unlamentable
;unlamentably
;unlawful
;unlawfully
;unlawfulness
;unleash
;unlicensed
;unlikely
;unlucky
;unmoved
;unnatural
;unnaturally
;unnecessary
;unneeded
;unnerve
;unnerved
;unnerving
;unnervingly
;unnoticed
;unobserved
;unorthodox
;unorthodoxy
;unpleasant
;unpleasantries
;unpopular
;unpredictable
;unprepared
;unproductive
;unprofitable
;unprove
;unproved
;unproven
;unproves
;unproving
;unqualified
;unravel
;unraveled
;unreachable
;unreadable
;unrealistic
;unreasonable
;unreasonably
;unrelenting
;unrelentingly
;unreliability
;unreliable
;unresolved
;unresponsive
;unsafe
;unsavory
;unsecure
;unseemly
;unsettle
;unsettled
;unsettling
;unsettlingly
;unskilled
;unsound
;unspeakable
;unspeakablely
;unstable
;unsteadily
;unsteadiness
;unsteady
;unsuccessful
;unsuccessfully
;unsupported
;unsupportive
;unsure
;unsuspecting
;unsustainable
;unthinkable
;unthinkably
;untimely
;untouched
;untrue
;untrustworthy
;untruthful
;unusable
;unusably
;unuseable
;unuseably
;unusual
;unusually
;unviewable
;unwanted
;unwarranted
;unwatchable
;unwelcome
;unwell
;unwieldy
;unwilling
;unwillingly
;unwillingness
;unwise
;unwisely
;unworkable
;unworthy
;unyielding
;upbraid
;upheaval
;uprising
;uproar
;uproarious
;uproariously
;uproarous
;uproarously
;uproot
;upset
;upseting
;upsets
;upsetting
;upsettingly
;urgent
;useless
;utterly
;vagrant
;vague
;vagueness
;vanity
;vehement
;vehemently
;vengeance
;vengeful
;vengefully
;vengefulness
;venom
;venomous
;venomously
;vent
;vestiges
;vex
;vexation
;vexing
;vexingly
;vice
;vicious
;viciously
;viciousness
;victimize
;vile
;vileness
;vilify
;villainous
;villainously
;villains
;villian
;villianous
;villianously
;villify
;vindictive
;vindictively
;vindictiveness
;violate
;violation
;violator
;violators
;violent
;violently
;viper
;virulence
;virulent
;virulently
;virus
;volatile
;volatility
;vomit
;vomited
;vomiting
;vomits
;vulgar
;vulnerable
;wack
;wail
;wallow
;wane
;waning
;wanton
;warily
;wariness
;warlike
;war-like
;warned
;warning
;warp
;warped
;wary
;washed-out
;waste
;wasted
;wasteful
;wastefulness
;wasting
;wayward
;weak
;weaken
;weakening
;weaker
;weakness
;weaknesses
;weariness
;wearisome
;weary
;wedge
;weep
;weird
;weirdly
;wheedle
;whimper
;whine
;whining
;whiny
;whips
;whore
;whores
;wicked
;wickedly
;wickedness
;wild
;wildly
;wiles
;wilt
;wily
;wince
;wobble
;wobbled
;wobbles
;woe
;woebegone
;woeful
;woefully
;womanizer
;womanizing
;worn
;worried
;worriedly
;worrier
;worries
;worrisome
;worry
;worrying
;worryingly
;worse
;worsen
;worsening
;worst
;worthless
;worthlessly
;worthlessness
;wound
;wounds
;wrath
;wreak
;wreaked
;wreaks
;wreck
;wrest
;wrestle
;wretch
;wretched
;wretchedly
;wretchedness
;wrinkle
;wrinkled
;wrinkles
;wripped
;wripping
;writhe
;wrong
;wrongful
;wrongly
;wrought
;yawn
;zapped
;zaps
;zealot
;zealous
;zealously
;zombie
verminkt;
vragen;
